,date,sock_fb,sock_tw,sock_reddit,ru2us,us2ru,ru2us_disagree,ru2us_threat,ru2us_conflict,us2ru_disagree,us2ru_threat,us2ru_conflict,trump_favorable,clinton_favorable,us_pol_event
1,7/2/2015,18,3324,35,92,72,6,8,21,8,4,86,22.7,44.4,0
2,7/3/2015,0,7098,6,78,69,14,3,29,7,4,73,22.7,44.4,0
3,7/4/2015,0,4587,2,83,60,11,4,23,7,1,71,22.7,44.4,0
4,7/5/2015,0,3366,27,78,72,6,4,24,5,3,61,22.7,44.4,0
5,7/6/2015,3,3985,27,98,70,12,4,16,6,1,82,22.7,44.4,0
6,7/7/2015,2,4920,2,133,156,3,6,17,3,2,94,22.7,44.4,0
7,7/8/2015,7,5418,4,117,162,10,4,30,23,5,121,22.7,44.4,0
8,7/9/2015,7,6241,23,125,177,13,1,22,28,7,168,22.7,44.4,0
9,7/10/2015,19,6488,20,130,140,9,5,32,22,11,121,22.7,44.4,0
10,7/11/2015,0,6544,51,39,61,4,0,52,11,2,59,22.7,44.3,0
11,7/12/2015,0,4338,29,54,67,9,0,12,3,1,37,22.7,44.3,0
12,7/13/2015,15,8938,24,96,118,10,3,14,24,3,100,22.7,44.4,0
13,7/14/2015,10,6451,13,167,216,12,6,29,47,1,120,24,44.4,0
14,7/15/2015,9,6382,6,165,201,9,4,60,17,1,109,26.3,44.4,0
15,7/16/2015,9,4457,20,215,241,20,4,79,27,6,183,26.6,44.6,0
16,7/17/2015,12,2068,23,130,120,6,0,62,14,2,125,26.6,44.3,0
17,7/18/2015,0,3645,22,65,68,5,0,52,3,2,74,26.6,44.3,0
18,7/19/2015,0,3985,13,56,69,5,1,30,4,1,64,26.6,44.3,0
19,7/20/2015,0,3216,10,116,153,5,3,18,14,7,138,26.6,44.3,0
20,7/21/2015,7,5699,22,107,130,6,0,49,12,0,107,26.6,44.3,0
21,7/22/2015,6,7516,26,105,113,9,3,47,12,1,88,26.6,44.3,0
22,7/23/2015,0,6036,36,105,127,5,1,27,19,2,71,26.6,44.3,0
23,7/24/2015,1,4210,4,115,103,14,3,33,13,2,94,26.4,44.3,0
24,7/25/2015,0,4559,14,65,53,7,0,40,4,0,74,26.4,44.3,0
25,7/26/2015,0,2702,12,50,67,7,2,20,5,0,80,26.4,44.3,0
26,7/27/2015,3,5795,16,96,101,7,1,8,12,3,102,26.4,44.3,0
27,7/28/2015,0,3204,24,130,129,7,1,27,6,8,111,26.4,44.3,0
28,7/29/2015,0,4264,14,114,116,14,5,30,14,0,129,26.4,44.3,0
29,7/30/2015,0,3533,17,86,105,16,0,34,20,0,123,26.4,44.3,0
30,7/31/2015,0,5381,8,102,145,6,0,15,9,4,117,26.4,44.3,0
31,8/1/2015,0,2885,11,66,69,4,0,34,5,0,61,26.4,44.3,0
32,8/2/2015,0,2078,10,42,59,3,1,20,9,0,49,26.4,44.3,0
33,8/3/2015,0,3599,0,76,73,5,4,20,3,0,70,26.4,44.3,0
34,8/4/2015,11,3096,8,103,102,9,1,27,11,2,97,26.4,44.3,0
35,8/5/2015,9,3084,6,142,176,8,6,24,6,2,142,26.4,44.3,0
36,8/6/2015,9,3001,30,168,183,36,4,45,22,4,178,26.4,44.3,0
37,8/7/2015,1,2685,25,165,187,18,7,44,18,0,195,26.4,44.3,0
38,8/8/2015,0,2069,1,109,112,9,4,60,21,1,125,26.4,44.3,0
39,8/9/2015,0,2700,2,88,50,40,3,26,11,0,97,26.4,44.3,0
40,8/10/2015,1,2501,5,130,95,27,6,14,8,0,126,26.4,44.3,0
41,8/11/2015,3,3226,1,111,124,3,2,25,17,6,123,26.4,44.3,0
42,8/12/2015,6,2927,12,102,114,19,0,22,16,3,122,26.4,44.3,0
43,8/13/2015,3,3761,9,102,137,7,0,24,35,0,128,26.4,44.3,0
44,8/14/2015,4,2655,23,105,114,15,7,31,10,1,98,26.4,44.3,0
45,8/15/2015,0,2651,29,48,49,4,2,17,6,1,61,26.4,44.3,0
46,8/16/2015,0,2524,27,43,60,0,0,13,4,1,27,26.4,44.3,0
47,8/17/2015,0,2923,3,85,97,3,4,14,4,3,103,26.4,44.3,0
48,8/18/2015,13,2848,18,101,137,10,1,26,18,4,120,26.4,44.3,0
49,8/19/2015,0,3244,24,128,144,10,2,31,13,8,111,26.4,44.3,0
50,8/20/2015,4,3108,16,64,99,2,0,42,9,8,85,26.4,44.3,0
51,8/21/2015,5,3849,13,101,83,8,6,10,11,5,99,26.4,44.3,0
52,8/22/2015,0,2626,40,35,28,5,2,17,7,0,51,26.4,44.3,0
53,8/23/2015,0,1964,27,60,62,5,4,5,9,0,65,27.4,44.3,0
54,8/24/2015,4,2999,20,82,80,8,2,17,6,0,63,27.4,43.8,0
55,8/25/2015,1,3271,13,105,119,3,0,19,12,5,95,27.4,43.8,0
56,8/26/2015,0,3159,19,80,113,7,3,16,5,0,100,27.4,43.8,0
57,8/27/2015,0,2783,30,100,113,18,4,18,4,0,91,27.4,43.8,0
58,8/28/2015,0,2586,10,83,78,6,4,21,6,2,77,27.4,43.8,0
59,8/29/2015,0,2248,16,90,63,2,5,18,5,1,33,27.4,43.8,0
60,8/30/2015,0,2633,20,64,58,3,0,20,2,0,33,27.4,43.8,0
61,8/31/2015,0,2429,16,81,79,3,0,18,10,1,63,27.4,43.8,0
62,9/1/2015,5,2033,16,73,107,4,1,8,3,14,66,27.4,42,0
63,9/2/2015,0,2530,17,83,94,15,4,28,12,1,105,28.2,42,0
64,9/3/2015,0,2010,29,91,105,8,2,12,5,6,76,28.2,42,0
65,9/4/2015,2,1892,25,138,152,20,0,30,18,10,127,28.2,41.5,0
66,9/5/2015,0,1260,1,100,112,5,1,25,9,9,70,28.2,41.5,0
67,9/6/2015,0,1542,1,76,114,10,2,29,4,11,86,28.2,41.5,0
68,9/7/2015,1,1198,21,84,77,12,2,19,2,5,61,28.2,41.5,0
69,9/8/2015,5,1811,49,103,161,7,3,22,13,8,148,28.2,41.5,0
70,9/9/2015,25,2030,18,185,235,25,7,22,35,9,180,28.2,41.5,0
71,9/10/2015,2,2014,21,153,170,16,7,44,11,19,177,28.2,41.5,0
72,9/11/2015,6,1991,17,118,168,3,3,29,12,21,138,28.2,41.5,0
73,9/12/2015,0,1340,57,92,158,7,2,33,36,21,112,28.2,41.5,0
74,9/13/2015,0,1461,39,51,99,2,3,28,14,22,72,28.2,41.5,0
75,9/14/2015,1,2445,17,174,172,36,25,21,23,18,201,28.2,41.5,0
76,9/15/2015,4,2219,22,202,241,24,12,39,13,7,170,28.2,41.5,0
77,9/16/2015,0,1787,61,185,293,16,1,32,38,18,203,28.2,41.5,0
78,9/17/2015,1,2093,71,236,295,29,6,35,32,13,176,28.2,41.5,0
79,9/18/2015,0,2132,21,285,329,15,7,68,17,16,189,28.2,41.8,0
80,9/19/2015,0,1467,18,160,206,8,4,76,19,15,139,28.2,41.8,0
81,9/20/2015,0,2045,39,65,104,5,2,33,8,6,61,28.2,41.8,0
82,9/21/2015,0,1776,16,131,180,5,0,11,10,1,107,28.2,41.8,0
83,9/22/2015,21,2350,35,134,157,5,0,34,18,4,110,28.2,41.8,0
84,9/23/2015,11,1898,29,150,163,20,2,32,19,2,154,28.4,41.8,0
85,9/24/2015,0,1925,19,278,266,21,0,38,33,12,165,31.5,41,0
86,9/25/2015,1,1930,55,268,270,23,3,76,26,0,182,31.5,41,0
87,9/26/2015,0,1555,42,130,125,11,0,92,9,4,109,31.5,41,0
88,9/27/2015,0,1627,30,176,184,15,2,31,9,3,108,31.9,40.6,0
89,9/28/2015,2,1758,34,393,541,41,6,53,62,13,322,31.9,40.6,0
90,9/29/2015,0,1794,57,432,535,80,2,93,61,3,363,31.9,40.6,0
91,9/30/2015,0,2065,39,342,410,43,0,88,33,13,347,35,40.6,0
92,10/1/2015,0,1795,36,359,485,36,7,55,80,23,397,35,40.6,0
93,10/2/2015,2,1515,44,209,404,27,15,62,97,36,374,35,40.6,0
94,10/3/2015,0,1099,49,123,276,8,3,30,90,47,295,35,40.6,0
95,10/4/2015,0,1760,25,129,260,9,2,24,95,24,260,35,40.6,0
96,10/5/2015,0,2005,31,183,256,28,4,28,56,19,270,35,40.6,0
97,10/6/2015,13,1600,65,214,205,29,5,45,32,8,274,35,40.6,0
98,10/7/2015,2,1761,24,192,213,12,7,26,17,5,297,35,40.6,0
99,10/8/2015,3,2852,23,178,234,34,5,41,39,4,283,35,40.6,0
100,10/9/2015,9,2417,21,206,231,31,2,30,30,13,287,35,40.6,0
101,10/10/2015,0,1144,48,124,147,18,2,18,24,0,164,35,40.6,0
102,10/11/2015,0,3946,33,119,159,13,1,16,27,1,124,35,40.6,0
103,10/12/2015,0,4027,25,121,183,18,0,29,29,8,195,35,40.6,0
104,10/13/2015,11,1897,30,198,244,38,2,17,16,7,223,35,41.2,0
105,10/14/2015,12,1717,21,227,265,45,4,37,46,6,304,35,41.2,0
106,10/15/2015,0,1912,26,212,202,35,2,19,47,1,249,35,41.2,0
107,10/16/2015,0,2021,21,205,223,18,1,22,34,8,228,35,41.2,0
108,10/17/2015,0,1200,41,109,118,11,4,50,9,2,146,35,41.2,0
109,10/18/2015,0,1280,59,99,98,16,2,21,12,1,123,35,41.2,0
110,10/19/2015,2,1791,13,150,155,5,0,12,15,0,163,35,41.2,0
111,10/20/2015,0,1764,28,180,199,13,0,47,11,5,145,34.8,41.4,0
112,10/21/2015,2,1762,19,75,72,6,0,64,3,0,30,34.8,41.3,0
113,10/22/2015,0,1779,23,35,18,14,4,35,4,4,34,34.8,41.3,0
114,10/23/2015,0,1862,18,277,268,38,7,4,36,2,224,34.8,41.3,0
115,10/24/2015,0,1158,66,112,123,17,2,48,7,2,96,34.8,41.3,0
116,10/25/2015,1,1720,69,97,140,6,4,13,3,2,118,34.8,41.3,0
117,10/26/2015,0,1726,63,157,188,13,0,9,26,0,144,34.8,41.3,0
118,10/27/2015,0,1834,22,148,165,15,2,28,15,1,159,34.8,41.3,0
119,10/28/2015,0,2140,59,193,209,19,3,26,10,7,164,34.8,41.1,0
120,10/29/2015,0,2137,40,200,222,11,9,41,13,2,157,34.8,41.1,0
121,10/30/2015,0,1738,49,197,173,11,25,35,13,3,147,34.8,41.1,0
122,10/31/2015,0,1220,16,92,94,11,16,30,8,1,116,34.8,41.1,0
123,11/1/2015,0,1158,5,51,67,7,3,12,9,1,72,34.8,41.1,0
124,11/2/2015,0,1648,32,97,113,8,8,9,16,2,123,34.8,41.1,0
125,11/3/2015,1,1814,11,124,168,10,2,11,11,4,154,34.8,41.1,0
126,11/4/2015,1,1916,4,114,170,4,0,28,32,5,176,34.8,41.1,0
127,11/5/2015,11,1735,22,125,174,13,6,22,41,5,160,34.8,41.1,0
128,11/6/2015,11,1753,28,133,185,12,7,20,36,7,213,34.8,41.1,0
129,11/7/2015,0,1093,10,109,166,18,4,19,16,1,223,34.8,41.1,0
130,11/8/2015,0,1343,4,88,117,3,0,15,8,2,114,34.8,41.1,0
131,11/9/2015,1,2126,15,76,106,6,1,5,17,4,128,34.8,41.1,0
132,11/10/2015,2,1803,23,132,125,16,2,10,17,0,122,34.8,41.1,0
133,11/11/2015,0,1743,5,158,137,13,1,19,10,2,143,34.8,41,0
134,11/12/2015,3,1775,5,150,142,8,7,28,17,4,134,34.8,41,0
135,11/13/2015,2,1983,6,114,108,11,3,38,3,4,99,34.8,41,0
136,11/14/2015,0,1350,18,93,72,10,1,29,1,0,89,34.8,40.9,0
137,11/15/2015,0,3738,4,131,159,12,1,21,15,0,110,34.8,40.9,0
138,11/16/2015,4,2077,11,203,244,15,1,45,14,4,143,34.8,40.9,0
139,11/17/2015,2,2070,2,205,214,36,8,41,19,0,204,34.8,40.9,0
140,11/18/2015,6,1726,20,146,231,19,4,45,30,2,167,34.8,40.9,0
141,11/19/2015,9,2090,55,160,173,24,1,33,29,1,184,34.8,40.9,0
142,11/20/2015,0,1822,15,133,140,10,0,36,24,1,161,34.8,40.9,0
143,11/21/2015,0,1269,81,79,71,6,4,32,13,3,107,34.8,40.9,0
144,11/22/2015,0,1235,17,67,114,12,0,13,29,3,137,34.8,40.9,0
145,11/23/2015,2,1696,9,118,135,21,2,20,21,0,143,34.8,40.9,0
146,11/24/2015,2,1958,25,173,353,33,1,31,46,20,414,34.8,40.9,0
147,11/25/2015,0,1541,49,185,366,20,5,27,30,38,423,34.8,40.9,0
148,11/26/2015,0,3076,25,137,196,16,0,19,16,9,189,34.8,40.9,0
149,11/27/2015,0,4210,34,149,147,24,1,34,16,9,164,34.8,40.9,0
150,11/28/2015,0,2666,43,100,87,18,3,31,9,5,122,34.8,40.9,0
151,11/29/2015,0,1413,24,76,58,8,0,14,4,0,79,34.8,40.9,0
152,11/30/2015,0,3254,43,143,259,11,4,11,25,2,177,34.8,40.9,0
153,12/1/2015,8,2514,16,154,314,7,2,20,36,0,188,34.8,41.3,0
154,12/2/2015,2,2119,19,102,224,8,8,22,29,10,169,34.8,43.2,0
155,12/3/2015,2,3554,45,100,132,14,4,18,15,3,133,34.8,43.2,0
156,12/4/2015,0,2380,44,113,121,17,2,14,4,3,136,34.8,43.2,0
157,12/5/2015,0,2698,1,99,68,23,0,18,5,0,74,34.8,43.2,0
158,12/6/2015,0,2360,1,71,60,20,0,22,13,0,115,34.8,43.2,0
159,12/7/2015,0,3575,22,78,110,12,0,12,13,4,124,34.8,43.2,0
160,12/8/2015,0,3167,7,104,154,5,3,8,28,10,157,34.8,43.2,0
161,12/9/2015,0,2922,1,119,127,11,5,23,15,4,135,34.8,43.2,0
162,12/10/2015,12,2468,3,164,173,19,6,23,33,7,176,34.8,43.2,0
163,12/11/2015,2,2398,4,114,142,12,3,30,37,1,143,34.8,43.2,0
164,12/12/2015,0,1716,5,72,93,20,3,9,28,3,108,34.8,43.2,0
165,12/13/2015,0,1406,1,59,59,7,0,6,14,1,58,34.8,43.2,0
166,12/14/2015,0,2869,5,108,125,6,0,10,14,0,87,34.8,43.2,0
167,12/15/2015,2,2954,12,236,289,17,10,33,31,0,189,34.8,43.2,0
168,12/16/2015,3,3939,3,285,292,22,0,47,14,3,208,35.5,44.5,0
169,12/17/2015,4,2506,4,255,197,10,0,59,21,0,146,35.5,44.5,0
170,12/18/2015,9,2297,6,174,141,9,4,111,15,2,168,35.5,44.5,0
171,12/19/2015,0,1878,2,128,125,18,4,56,14,2,115,35.5,44.5,0
172,12/20/2015,0,1876,6,79,67,10,0,48,3,2,73,35.5,44.5,0
173,12/21/2015,14,2339,1,87,138,3,2,29,14,0,89,35.5,44.5,0
174,12/22/2015,27,1964,4,102,122,4,4,44,29,1,105,35.5,44.5,0
175,12/23/2015,0,2174,5,139,165,21,2,37,22,3,140,34.3,42.3,0
176,12/24/2015,0,2564,1,125,134,11,1,34,14,4,89,34.3,42.3,0
177,12/25/2015,0,2295,1,54,71,5,0,33,5,1,53,34.3,42.3,0
178,12/26/2015,0,1175,5,104,94,17,0,13,5,0,68,34.3,42.3,0
179,12/27/2015,0,1020,3,66,58,10,3,34,6,0,70,34.3,42.3,0
180,12/28/2015,0,1816,9,75,67,10,5,25,10,1,75,34,42.3,0
181,12/29/2015,0,2204,6,84,107,9,5,15,10,0,97,34,42.3,0
182,12/30/2015,0,1957,4,104,118,13,0,12,24,2,109,34,42.3,0
183,12/31/2015,1,1602,1,61,70,6,2,23,13,0,84,34,42.3,0
184,1/1/2016,0,1058,6,54,51,4,1,11,7,0,42,34,42.3,0
185,1/2/2016,0,930,1,42,42,1,0,7,1,2,20,34,42.3,0
186,1/3/2016,0,1321,4,39,30,0,2,14,0,2,23,34,42.3,0
187,1/4/2016,0,3296,4,93,87,7,1,16,5,3,75,34,42.3,0
188,1/5/2016,4,1995,4,77,101,4,1,19,9,5,78,34,42.3,0
189,1/6/2016,6,2283,1,83,95,14,0,25,12,0,91,34,42.3,0
190,1/7/2016,0,2668,1,87,71,9,0,23,9,3,93,34,42.3,0
191,1/8/2016,0,2158,6,57,72,6,0,21,7,0,99,34,42.3,0
192,1/9/2016,0,1915,3,36,27,7,0,11,5,0,39,34,42.3,0
193,1/10/2016,0,1918,3,26,29,0,2,5,5,0,58,34,42.3,0
194,1/11/2016,0,2860,3,72,74,14,0,4,1,0,70,34,42.3,0
195,1/12/2016,0,2059,2,104,125,4,0,13,10,4,76,34,41.5,0
196,1/13/2016,0,2036,5,123,144,14,1,21,13,2,108,34.4,42.8,0
197,1/14/2016,69,1956,5,128,158,12,0,22,11,2,76,34.4,42.8,0
198,1/15/2016,3,2536,9,96,115,3,0,25,1,0,88,34.4,42.8,0
199,1/16/2016,0,1716,6,85,74,4,0,21,8,0,61,34.4,42.8,0
200,1/17/2016,0,3164,5,55,46,4,1,20,2,0,21,34.4,42.8,0
201,1/18/2016,0,2735,7,88,111,4,0,19,7,0,59,34.4,42.8,0
202,1/19/2016,6,1825,8,106,121,8,1,33,9,2,66,34.4,42.8,0
203,1/20/2016,0,1816,1,114,116,5,0,40,5,2,52,34.4,42.8,0
204,1/21/2016,2,2250,15,134,131,3,1,27,10,0,66,34.4,42.8,0
205,1/22/2016,0,1747,11,102,122,21,2,28,13,6,104,34.4,42.8,0
206,1/23/2016,0,1236,13,56,88,7,0,17,8,2,69,34.4,42.8,0
207,1/24/2016,0,1525,7,33,51,3,0,8,6,0,87,34.4,42.8,0
208,1/25/2016,0,2946,6,76,96,4,0,6,20,0,85,34.4,42.8,0
209,1/26/2016,0,1783,7,91,105,10,8,12,17,4,98,34.4,42.8,0
210,1/27/2016,0,1628,7,165,159,34,6,23,32,5,170,34.4,42.8,0
211,1/28/2016,0,1979,9,137,140,21,3,24,15,0,127,34.4,42.8,0
212,1/29/2016,0,3509,6,106,109,11,2,30,13,1,79,34.4,42.2,0
213,1/30/2016,0,1169,3,61,80,7,1,26,13,7,77,34.4,42.2,0
214,1/31/2016,0,1153,8,54,36,6,0,12,3,1,68,34.4,42.2,0
215,2/1/2016,0,2783,2,94,100,6,2,13,18,5,94,34.4,42.2,1
216,2/2/2016,2,2170,0,120,129,14,6,18,19,3,128,34.4,42.2,0
217,2/3/2016,0,2480,5,104,110,13,0,19,9,3,87,34.4,42.2,0
218,2/4/2016,3,2480,4,103,123,14,2,16,27,3,121,34.4,42.2,0
219,2/5/2016,1,3153,3,116,109,12,4,17,23,3,100,34.4,42.2,0
220,2/6/2016,0,2098,6,70,83,3,0,31,12,8,79,34.4,42.2,0
221,2/7/2016,0,1733,3,25,51,0,0,13,2,3,40,34.4,42.2,0
222,2/8/2016,2,2417,6,69,85,9,0,12,12,6,82,34.4,42.2,0
223,2/9/2016,5,2579,3,80,80,11,3,19,10,9,83,34.4,42.2,1
224,2/10/2016,0,2904,2,147,141,16,15,17,16,6,122,34.4,42.2,0
225,2/11/2016,2,2326,4,187,160,46,5,20,37,2,228,34.4,42.2,0
226,2/12/2016,29,1778,3,216,239,42,3,17,47,1,305,34.4,42.2,0
227,2/13/2016,0,2421,6,158,156,37,3,44,21,2,213,34.4,42.2,0
228,2/14/2016,2,2108,4,182,239,23,5,44,28,4,210,34.4,42.2,0
229,2/15/2016,0,1668,3,154,259,25,2,57,56,1,183,34.4,42.2,0
230,2/16/2016,1,1691,3,187,202,33,2,31,34,0,218,34.4,42.2,0
231,2/17/2016,0,2291,3,132,162,26,0,40,29,0,150,34.4,42.2,0
232,2/18/2016,12,3219,2,118,151,18,2,30,23,1,147,35,41.4,0
233,2/19/2016,0,2220,4,130,160,8,0,32,12,5,138,35,41.4,0
234,2/20/2016,0,1757,4,79,109,5,0,29,20,1,95,35,41.4,0
235,2/21/2016,0,1755,2,117,124,5,0,23,2,5,51,35,41.4,0
236,2/22/2016,0,3235,2,229,270,8,4,24,14,3,105,35,41.4,0
237,2/23/2016,0,1328,6,265,293,7,4,62,3,4,98,35,41.4,0
238,2/24/2016,0,1480,3,194,182,13,2,93,18,0,130,35,41.4,0
239,2/25/2016,4,2557,0,178,193,6,4,61,12,3,93,35,41.4,0
240,2/26/2016,0,4244,4,165,212,6,4,56,17,35,142,35,41.4,0
241,2/27/2016,0,1123,5,166,179,3,3,51,14,15,137,35,41.4,0
242,2/28/2016,0,920,5,121,101,16,0,49,11,5,89,35,41.4,0
243,2/29/2016,0,3767,3,132,127,7,5,22,5,0,104,35,41.4,0
244,3/1/2016,0,1468,4,130,109,4,3,27,11,1,59,35,41.4,1
245,3/2/2016,0,1155,4,264,276,12,3,27,13,8,146,35,41.4,0
246,3/3/2016,0,1113,4,230,205,30,3,47,13,2,173,35,41.4,0
247,3/4/2016,3,1579,6,151,199,18,4,35,9,4,124,35,41.4,0
248,3/5/2016,0,1841,5,79,90,10,0,10,12,0,91,35,41.4,0
249,3/6/2016,0,926,4,96,103,2,2,13,17,0,103,35,41.4,0
250,3/7/2016,0,1546,6,102,83,7,0,18,7,0,84,35,41.4,0
251,3/8/2016,0,1599,10,101,157,17,0,24,12,2,82,35,41.4,0
252,3/9/2016,0,1910,3,121,131,13,4,18,12,1,95,32.5,40.5,0
253,3/10/2016,27,1705,2,124,145,6,0,19,7,2,88,32.5,40.5,0
254,3/11/2016,14,1456,4,224,221,33,2,15,36,1,233,32.5,40.5,0
255,3/12/2016,0,2200,3,121,139,10,2,38,11,0,158,32.5,40.5,0
256,3/13/2016,0,1322,4,88,96,9,0,14,8,0,110,32.5,40.5,0
257,3/14/2016,4,1842,2,155,129,21,4,19,12,2,155,32.5,40.5,0
258,3/15/2016,1,1850,2,195,194,18,4,31,19,3,157,32.5,40.8,1
259,3/16/2016,2,2429,34,122,145,9,1,34,25,5,96,32.5,40.8,0
260,3/17/2016,15,2685,27,152,147,25,3,21,6,0,104,32.5,40.8,0
261,3/18/2016,9,1648,36,101,115,10,2,18,18,3,147,32.5,40.8,0
262,3/19/2016,0,1421,37,128,159,5,2,12,12,1,90,32.5,40.8,0
263,3/20/2016,0,1239,1,72,96,5,2,10,2,2,78,32.5,40.8,0
264,3/21/2016,0,2225,5,119,112,13,2,14,17,0,123,32.5,40.8,0
265,3/22/2016,3,4789,50,139,154,12,0,21,23,2,150,32.5,40.8,0
266,3/23/2016,4,1532,43,88,118,5,1,12,13,0,117,32.5,40.8,0
267,3/24/2016,8,1768,46,95,103,11,4,10,12,0,99,30.4,40.7,0
268,3/25/2016,0,1475,35,129,155,7,1,18,8,1,107,30.4,40.7,0
269,3/26/2016,0,847,33,60,65,8,2,45,2,4,53,30.4,40.7,0
270,3/27/2016,0,898,0,35,35,0,0,18,6,0,32,30.4,40.7,0
271,3/28/2016,0,2483,5,104,70,7,0,6,6,0,65,30.4,40.7,0
272,3/29/2016,0,1975,47,117,108,10,0,14,10,7,115,30.4,40.7,0
273,3/30/2016,0,1393,43,134,141,14,5,15,21,2,123,30.4,40.7,0
274,3/31/2016,0,2267,49,155,142,27,4,25,18,7,177,30.4,40.7,0
275,4/1/2016,0,1449,43,126,103,17,0,23,17,1,191,30.2,40.3,0
276,4/2/2016,0,907,42,109,99,19,0,19,14,2,142,30.2,40.3,0
277,4/3/2016,0,902,0,107,91,19,0,11,12,0,125,30.2,40.3,0
278,4/4/2016,0,1570,34,106,121,7,0,11,8,1,117,30.2,40.3,0
279,4/5/2016,0,1657,66,98,80,7,0,23,7,2,113,30.2,40.3,0
280,4/6/2016,4,3054,57,119,122,14,1,18,14,3,108,30.2,40.3,0
281,4/7/2016,3,1405,78,127,113,7,0,23,20,1,87,30.2,40.3,0
282,4/8/2016,12,1369,75,137,111,12,2,22,10,1,103,29.3,40.2,0
283,4/9/2016,2,1980,52,63,64,6,1,30,13,4,83,29.3,40.2,0
284,4/10/2016,0,930,1,57,59,15,1,18,8,0,71,29.3,40.2,0
285,4/11/2016,11,1853,17,95,96,14,4,3,20,3,102,29.3,40.2,0
286,4/12/2016,10,1212,50,110,85,8,0,14,14,1,65,29.3,40.2,0
287,4/13/2016,83,2721,48,153,166,9,14,16,19,5,157,29.3,40.2,0
288,4/14/2016,15,1299,57,213,191,35,23,36,39,3,234,29.4,40.2,0
289,4/15/2016,6,1322,50,188,167,35,12,17,11,5,189,29.4,40.2,0
290,4/16/2016,0,870,43,91,68,13,7,19,7,3,98,29.4,40.2,0
291,4/17/2016,0,1573,15,146,158,15,14,16,16,7,143,29.4,40.2,0
292,4/18/2016,7,2608,18,151,176,16,12,21,16,3,163,29.4,40.2,0
293,4/19/2016,15,1142,42,150,207,9,13,19,13,1,110,28.8,40.2,0
294,4/20/2016,7,2975,69,151,177,15,7,19,18,0,161,28.8,40.2,0
295,4/21/2016,16,1828,35,116,166,19,3,22,30,4,173,28.8,40.2,0
296,4/22/2016,12,1400,17,173,166,17,5,12,12,1,92,28.8,40.2,0
297,4/23/2016,0,779,66,70,62,8,7,31,0,5,53,28.8,40.2,0
298,4/24/2016,0,784,66,58,54,6,2,16,1,4,48,28.8,40.2,0
299,4/25/2016,6,2183,28,117,108,14,3,12,11,4,117,28.8,40.2,0
300,4/26/2016,3,1364,15,110,116,10,4,23,12,4,90,28.8,40.2,0
301,4/27/2016,0,2267,125,100,132,8,0,7,18,13,125,28.4,39.2,0
302,4/28/2016,0,1569,74,207,183,9,4,33,8,8,211,28.4,39.2,0
303,4/29/2016,0,1702,41,264,200,33,2,35,32,5,211,28.4,39.2,0
304,4/30/2016,7,1539,21,135,141,19,8,73,23,6,128,29.7,39.2,0
305,5/1/2016,0,860,33,74,90,13,4,33,11,2,97,31,39.2,0
306,5/2/2016,0,1603,49,137,142,9,3,15,21,0,113,31,39.4,0
307,5/3/2016,0,1920,18,159,183,11,0,25,7,2,123,31,39.4,0
308,5/4/2016,0,3471,22,158,162,12,7,35,10,4,108,31,39.4,0
309,5/5/2016,58,1295,64,167,183,16,2,49,6,20,144,31,39.4,0
310,5/6/2016,34,1239,63,141,124,18,11,55,7,11,170,31,39.4,0
311,5/7/2016,0,2164,14,90,87,17,7,18,12,2,136,31,39.3,0
312,5/8/2016,0,3185,21,62,57,10,0,12,8,0,74,31,39.3,0
313,5/9/2016,0,918,33,110,118,17,6,13,10,3,128,32.3,39.3,0
314,5/10/2016,21,1329,33,124,145,5,2,43,16,2,113,32.3,39.3,0
315,5/11/2016,12,3495,75,80,104,7,3,45,8,13,112,32.3,39.1,0
316,5/12/2016,30,3258,27,164,158,19,6,17,15,6,183,32.3,39.1,0
317,5/13/2016,22,1408,41,167,186,10,5,9,34,16,204,34,39.9,0
318,5/14/2016,0,1012,30,112,107,10,8,27,18,5,101,34,39.9,0
319,5/15/2016,0,2217,58,82,62,12,6,18,4,9,70,34,39.9,0
320,5/16/2016,14,4005,35,118,140,9,3,6,11,3,108,34,39.9,0
321,5/17/2016,8,1132,15,173,197,17,0,24,22,3,136,34,39.9,0
322,5/18/2016,14,1717,35,110,152,12,2,38,15,4,115,35.5,40.3,0
323,5/19/2016,7,2205,39,111,100,25,1,22,6,1,123,34.1,40.3,0
324,5/20/2016,2,1851,40,162,117,23,4,13,11,1,118,34.1,39,0
325,5/21/2016,0,889,47,81,71,10,2,36,10,0,76,34.1,39,0
326,5/22/2016,0,1006,36,62,50,7,3,21,9,1,48,35.2,37.2,0
327,5/23/2016,7,2664,42,114,116,9,2,17,19,3,79,35.2,37.2,0
328,5/24/2016,8,2048,65,110,115,15,5,15,13,4,117,35.2,37.2,0
329,5/25/2016,7,1899,67,188,201,34,5,16,22,3,170,35.2,36.3,0
330,5/26/2016,1,1077,20,127,135,12,3,10,11,0,108,35.4,37.6,0
331,5/27/2016,0,2399,5,133,146,6,0,24,5,1,70,35.4,37.6,0
332,5/28/2016,0,2236,49,60,69,3,8,32,12,1,53,35.4,37.6,0
333,5/29/2016,0,1090,25,53,110,6,2,12,5,4,114,35.4,37.6,0
334,5/30/2016,0,2072,67,79,94,13,0,7,8,4,67,35.4,37.6,0
335,5/31/2016,0,1767,26,107,150,7,0,5,18,1,108,35.4,37.6,0
336,6/1/2016,9,4410,39,77,122,9,0,13,15,10,85,35.4,37.6,0
337,6/2/2016,7,973,39,84,98,2,3,20,11,1,64,35.4,37.4,0
338,6/3/2016,0,1942,7,96,119,13,4,11,21,3,119,34.1,37.4,0
339,6/4/2016,0,1357,7,55,71,3,2,13,9,6,68,34.1,37.4,0
340,6/5/2016,0,831,41,63,54,9,0,14,6,1,50,34.1,37.4,0
341,6/6/2016,7,1049,52,100,99,17,6,12,10,4,103,33.4,37.7,0
342,6/7/2016,21,1361,9,133,121,17,7,20,30,6,104,33.4,37.7,0
343,6/8/2016,2,4117,14,136,169,12,2,17,27,7,185,33.4,37.7,0
344,6/9/2016,0,2214,64,117,140,13,0,8,15,1,149,33.4,37.7,0
345,6/10/2016,2,1213,51,91,113,8,1,13,13,5,97,34.3,38.3,0
346,6/11/2016,0,746,0,78,72,10,6,11,1,2,45,34.3,38.3,0
347,6/12/2016,0,1459,11,56,63,4,1,11,4,8,65,34.3,38.3,0
348,6/13/2016,0,3710,37,66,88,10,1,6,7,1,81,34.3,38.3,0
349,6/14/2016,0,993,23,141,173,33,3,9,38,3,211,34.3,38.3,0
350,6/15/2016,4,2170,8,147,109,19,13,13,12,1,185,33.7,39.4,0
351,6/16/2016,4,2129,6,127,101,23,12,19,12,1,112,33.7,39.4,0
352,6/17/2016,11,3314,3,235,166,28,44,13,17,3,251,33.7,39.4,0
353,6/18/2016,0,786,44,163,134,12,10,45,17,2,111,34.6,40.7,0
354,6/19/2016,0,1389,5,153,160,11,11,36,14,0,119,34.6,40.7,0
355,6/20/2016,6,4788,3,157,171,23,4,29,5,4,157,34.5,40.2,0
356,6/21/2016,5,4281,61,112,101,8,10,43,7,3,124,34.5,40.4,0
357,6/22/2016,15,911,32,109,127,7,4,15,7,12,136,34.5,40.1,0
358,6/23/2016,19,1941,5,71,82,2,0,22,4,0,94,34.5,40.2,0
359,6/24/2016,5,2253,7,109,115,12,4,14,21,3,105,34.5,40.2,0
360,6/25/2016,1,1430,72,62,50,7,2,19,10,1,55,34.5,40.2,0
361,6/26/2016,0,602,50,29,27,6,1,15,6,1,45,34.5,40.2,0
362,6/27/2016,0,2373,42,59,70,10,2,7,8,0,84,34.5,40.6,0
363,6/28/2016,17,1819,5,143,161,51,3,9,60,1,211,34.1,40.6,0
364,6/29/2016,3,3494,16,122,128,22,2,13,46,0,174,33.7,39.7,0
365,6/30/2016,5,837,4,124,133,15,1,12,28,0,123,33.6,39.6,0
366,7/1/2016,0,718,2,96,102,10,0,15,12,0,96,33.6,39.6,0
367,7/2/2016,0,2192,0,55,62,8,0,16,20,0,81,33.6,39.6,0
368,7/3/2016,0,680,0,49,45,4,11,8,9,0,59,33.6,39.6,0
369,7/4/2016,2,557,8,78,70,7,2,10,9,0,63,33.4,39.7,0
370,7/5/2016,4,644,26,101,79,14,8,15,3,4,119,33.5,39.7,0
371,7/6/2016,19,2193,25,166,145,11,9,14,11,5,134,33.5,39.7,0
372,7/7/2016,4,2999,13,223,191,14,6,25,18,0,131,33.5,39.6,0
373,7/8/2016,2,650,41,164,135,16,22,30,19,2,191,33.5,39.6,0
374,7/9/2016,0,459,8,207,181,31,19,31,33,4,243,33.5,39.6,0
375,7/10/2016,0,576,5,114,116,0,3,29,12,1,137,33.5,39.6,0
376,7/11/2016,2,1105,44,193,163,10,2,18,3,1,92,33.5,39.6,0
377,7/12/2016,11,658,54,166,172,10,0,34,5,0,72,33.2,39.2,0
378,7/13/2016,5,584,77,124,146,13,1,40,8,3,116,34,39.3,0
379,7/14/2016,19,676,61,151,180,4,2,30,15,4,120,33.7,38.3,0
380,7/15/2016,3,650,46,267,253,8,0,30,23,5,157,33.7,38.3,0
381,7/16/2016,0,400,5,128,99,5,1,45,4,0,66,33.7,38.3,0
382,7/17/2016,3,459,0,57,58,6,0,24,1,0,57,33.6,38.4,0
383,7/18/2016,0,1823,3,69,69,11,2,11,1,3,53,33.6,38.2,1
384,7/19/2016,1,1403,13,119,121,16,0,10,16,2,80,33.5,38.1,1
385,7/20/2016,6,1987,49,118,135,23,0,31,14,2,112,33.8,NA,1
386,7/21/2016,10,556,75,162,228,25,2,37,31,12,205,34,39.2,1
387,7/22/2016,4,1265,85,161,156,17,13,19,5,5,159,34,37.7,0
388,7/23/2016,0,1764,2,53,65,11,1,18,11,4,81,34.3,39.7,0
389,7/24/2016,0,488,2,116,107,15,3,6,27,0,123,34.7,38,0
390,7/25/2016,2,866,57,227,238,28,6,16,47,5,269,36,38.4,1
391,7/26/2016,0,972,8,218,259,40,6,29,57,12,299,36,38.4,1
392,7/27/2016,0,2449,46,348,505,54,7,35,117,0,351,36,38.4,1
393,7/28/2016,2,814,111,411,617,49,17,63,115,22,454,36,38.4,1
394,7/29/2016,0,2036,5,326,395,61,6,64,72,11,328,36,38,0
395,7/30/2016,0,5014,4,163,202,35,5,39,42,7,200,36,38,0
396,7/31/2016,0,1740,3,119,206,26,0,31,62,0,158,37.1,39.4,0
397,8/1/2016,0,1125,1,207,317,29,0,18,79,4,236,35.8,40.3,0
398,8/2/2016,1,634,82,185,227,30,0,39,39,3,193,35.5,40.6,0
399,8/3/2016,1,3976,5,179,206,25,2,36,33,1,178,35.3,40.6,0
400,8/4/2016,17,4415,12,172,208,21,1,40,22,8,159,34.3,42.7,0
401,8/5/2016,9,547,44,139,195,24,3,37,35,8,299,34.1,42.7,0
402,8/6/2016,0,559,12,85,92,18,0,29,12,1,143,33.6,43,0
403,8/7/2016,0,1206,3,121,126,14,3,28,11,0,79,33.8,42.9,0
404,8/8/2016,0,5565,109,138,120,10,0,19,17,2,105,33.3,42.6,0
405,8/9/2016,5,687,78,151,122,18,0,33,11,1,131,33.4,42.2,0
406,8/10/2016,15,4569,87,137,145,24,6,25,19,7,175,33.3,42.6,0
407,8/11/2016,1,786,64,156,181,14,0,24,32,6,244,32.8,42.6,0
408,8/12/2016,3,1446,60,110,175,18,1,21,28,5,189,32.8,42.6,0
409,8/13/2016,0,471,4,58,85,9,0,16,10,3,112,32.8,42.6,0
410,8/14/2016,0,478,46,68,70,8,1,12,9,0,77,32.8,42.6,0
411,8/15/2016,3,4896,79,164,227,19,1,10,23,6,148,32.8,42.6,0
412,8/16/2016,6,2951,116,180,226,10,4,30,30,5,211,32.8,42.2,0
413,8/17/2016,7,1907,142,230,238,81,7,32,74,9,304,32.6,42.4,0
414,8/18/2016,2,967,124,164,178,42,1,31,34,5,199,32.6,4.21,0
415,8/19/2016,0,1555,81,218,196,27,12,28,29,4,212,32.5,42.2,0
416,8/20/2016,0,931,16,95,150,17,1,32,8,7,124,32.5,42.2,0
417,8/21/2016,0,484,10,87,83,10,0,10,8,5,108,33,43,0
418,8/22/2016,3,1014,108,97,156,13,0,23,14,8,128,33,43,0
419,8/23/2016,4,3252,98,144,143,19,5,16,20,1,133,33,43,0
420,8/24/2016,0,6735,87,147,174,12,3,27,40,2,184,33.5,43.2,0
421,8/25/2016,0,622,92,116,172,9,3,27,19,18,179,34.1,43,0
422,8/26/2016,5,726,17,163,213,10,0,13,26,3,190,34.1,43,0
423,8/27/2016,0,990,11,74,83,5,1,49,8,0,75,34.1,42.4,0
424,8/28/2016,0,1219,18,50,73,2,0,23,13,0,66,34.4,42.1,0
425,8/29/2016,6,2533,14,101,101,12,1,18,18,4,125,34.6,42.1,0
426,8/30/2016,6,767,21,166,267,18,3,21,28,10,196,34.1,41.4,0
427,8/31/2016,3,5818,18,136,189,14,3,21,29,6,185,35.3,41,0
428,9/1/2016,0,1453,14,145,145,16,9,42,15,4,202,35.1,41.2,0
429,9/2/2016,0,650,13,91,121,2,9,33,5,2,115,35.7,40.9,0
430,9/3/2016,0,605,12,82,86,18,3,17,16,2,102,35.7,40.9,0
431,9/4/2016,0,1603,26,101,149,11,4,15,32,0,115,36,40.9,0
432,9/5/2016,0,5832,83,209,282,24,7,28,36,4,135,36,41,0
433,9/6/2016,1,794,95,193,275,18,3,43,66,4,241,36.9,41,0
434,9/7/2016,0,2452,109,339,330,40,24,38,56,4,300,37,40.9,0
435,9/8/2016,3,2507,102,410,504,55,37,102,88,9,364,37,41.4,0
436,9/9/2016,0,1980,90,355,460,45,10,125,57,8,297,37.7,41.7,0
437,9/10/2016,0,1009,6,244,277,40,1,83,33,0,197,37.7,41.7,0
438,9/11/2016,0,1172,12,132,213,14,3,81,23,15,155,38.8,42.3,0
439,9/12/2016,0,6157,86,200,325,28,3,33,48,23,268,38.8,42.3,0
440,9/13/2016,0,2786,111,243,271,20,9,54,41,5,244,38.8,42.3,0
441,9/14/2016,0,3442,25,258,309,40,4,63,85,5,235,38.4,42.1,0
442,9/15/2016,3,1188,12,273,271,47,2,46,39,1,299,38.4,42.1,0
443,9/16/2016,0,5023,15,207,218,35,5,64,35,1,243,37.9,41.6,0
444,9/17/2016,0,6954,15,237,132,65,5,43,23,4,288,37.9,41.6,0
445,9/18/2016,0,6519,11,273,227,78,2,44,56,1,388,38.5,41.9,0
446,9/19/2016,0,8901,5,250,257,63,2,42,38,4,325,38.5,41.9,0
447,9/20/2016,2,1316,17,275,244,42,4,49,40,3,346,38.5,41.9,0
448,9/21/2016,6,3297,21,262,333,41,1,57,76,11,355,37.2,41.2,0
449,9/22/2016,8,2058,11,296,366,55,2,40,79,5,372,37.2,41.3,0
450,9/23/2016,12,3683,27,238,302,37,1,70,57,0,306,36.2,40.9,0
451,9/24/2016,0,1053,24,149,143,28,5,45,15,5,164,36.2,40.9,0
452,9/25/2016,0,1004,6,99,142,19,8,31,49,5,183,36.2,40.7,0
453,9/26/2016,0,3130,44,291,327,120,14,31,132,10,472,36.5,40.3,1
454,9/27/2016,11,3562,48,189,244,17,12,33,64,16,307,36.8,40.8,0
455,9/28/2016,9,4792,46,244,227,33,17,40,16,34,326,36.9,41.2,0
456,9/29/2016,2,4017,60,242,262,48,19,54,35,19,329,37.1,41.4,0
457,9/30/2016,28,2103,42,291,324,57,12,38,37,28,421,37.2,41.8,0
458,10/1/2016,0,1030,48,178,165,33,26,31,41,8,255,37.2,41.8,0
459,10/2/2016,0,1658,16,153,110,26,26,23,21,5,188,38.3,43.1,0
460,10/3/2016,12,2180,41,280,328,64,3,18,52,16,411,38.6,43.3,0
461,10/4/2016,0,1618,12,445,540,66,18,54,79,30,648,37.9,42.9,0
462,10/5/2016,12,3300,10,458,531,74,8,66,104,11,658,38,43,0
463,10/6/2016,6,18173,17,369,419,29,59,54,58,17,516,38.4,43.6,0
464,10/7/2016,0,9638,20,381,411,40,64,67,100,31,538,37.8,43.6,0
465,10/8/2016,0,2290,2,229,396,51,33,55,152,41,513,37.8,43.6,0
466,10/9/2016,0,2458,0,213,165,58,16,21,61,7,374,37.4,43.6,1
467,10/10/2016,0,6271,7,252,324,47,20,25,98,24,511,37.4,43.6,0
468,10/11/2016,23,3266,8,244,276,54,20,39,76,8,445,36.6,42.9,0
469,10/12/2016,9,3764,10,368,393,72,15,28,87,18,444,36.2,43.1,0
470,10/13/2016,0,2831,9,397,403,72,29,61,94,8,409,35.8,43.1,0
471,10/14/2016,24,2847,16,270,240,24,34,65,38,6,360,35.7,43.1,0
472,10/15/2016,0,2305,16,259,305,31,27,49,39,24,291,35.7,43.1,0
473,10/16/2016,1,2403,9,186,302,53,17,37,41,84,381,35.1,43.3,0
474,10/17/2016,14,4253,4,237,371,30,20,14,45,87,438,34.5,43.2,0
475,10/18/2016,61,3277,17,278,262,43,11,41,38,12,349,34.7,43.2,0
476,10/19/2016,5,6915,16,232,261,41,15,27,55,13,344,35,42.9,1
477,10/20/2016,24,3137,0,320,337,60,23,56,75,20,546,35,42.9,0
478,10/21/2016,18,2495,6,231,344,49,6,59,95,3,419,35.4,43.1,0
479,10/22/2016,0,2117,4,213,281,16,15,42,84,4,302,35.4,43.1,0
480,10/23/2016,1,2156,2,68,103,3,8,57,40,1,151,35.4,43.1,0
481,10/24/2016,0,3520,13,136,207,15,7,10,32,10,202,35.7,43.4,0
482,10/25/2016,0,2475,8,175,160,15,17,26,15,6,227,35.9,43.3,0
483,10/26/2016,35,3290,13,181,170,29,14,41,20,7,234,35.6,43.4,0
484,10/27/2016,0,2600,12,238,183,52,12,27,65,12,334,37.9,45,0
485,10/28/2016,0,2545,8,271,240,45,29,28,59,13,360,37.9,45,0
486,10/29/2016,0,2347,3,128,92,30,17,47,13,4,187,37.9,45,0
487,10/30/2016,0,2458,4,153,120,12,7,19,18,0,192,37.9,45,0
488,10/31/2016,0,3051,4,232,249,47,5,18,43,4,299,38,44.1,0
489,11/1/2016,41,2520,0,241,303,30,1,63,67,4,293,38,43.9,0
490,11/2/2016,6,3405,4,235,283,25,2,57,53,12,280,39.8,43.5,0
491,11/3/2016,47,1898,6,195,219,36,7,29,47,3,240,40,42.4,0
492,11/4/2016,0,1849,6,146,160,25,5,30,23,6,212,38.6,41.5,0
493,11/5/2016,0,1886,1,115,114,27,1,20,19,6,148,38.6,41.5,0
494,11/6/2016,0,2103,0,83,105,9,4,20,16,6,132,38.6,41.5,0
495,11/7/2016,4,4020,0,145,158,26,10,22,32,4,219,37.5,41.8,0
496,11/8/2016,5,6189,2,134,180,12,3,35,22,11,210,37.5,NA,1
497,11/9/2016,3,4387,0,455,267,32,7,37,26,6,323,37.5,NA,0
498,11/10/2016,12,2443,3,305,234,37,2,197,36,4,303,37.5,NA,0
499,11/11/2016,21,2177,1,223,223,19,1,87,31,0,192,37.9,NA,0
500,11/12/2016,0,2011,4,170,137,27,0,78,14,3,151,37.9,NA,0
501,11/13/2016,0,2302,0,121,116,6,1,43,16,2,98,38.2,NA,0
502,11/14/2016,1,3680,2,205,199,16,9,37,12,3,173,38.2,NA,0
503,11/15/2016,9,2828,2,262,242,39,1,56,30,3,256,38.5,NA,0
504,11/16/2016,7,4877,7,206,255,47,6,94,47,20,294,38.5,NA,0
505,11/17/2016,1,2528,2,207,277,26,8,53,56,7,270,39.8,NA,0
506,11/18/2016,10,2370,0,229,318,29,3,47,31,12,225,39.8,NA,0
507,11/19/2016,0,2960,1,116,154,22,3,40,24,3,107,39.8,NA,0
508,11/20/2016,0,2329,0,179,182,17,0,22,14,2,111,40,NA,0
509,11/21/2016,0,7833,0,198,248,6,1,33,30,4,185,40,NA,0
510,11/22/2016,8,2864,0,173,192,27,1,60,20,6,166,40.5,NA,0
511,11/23/2016,2,5686,2,194,217,12,3,55,31,4,166,41.2,NA,0
512,11/24/2016,0,4657,1,108,132,8,3,59,18,5,117,41.2,NA,0
513,11/25/2016,1,2887,1,58,83,10,1,29,16,1,118,41.2,NA,0
514,11/26/2016,0,2744,1,106,102,4,0,10,14,6,110,41.2,NA,0
515,11/27/2016,0,2958,0,74,84,11,8,25,22,3,118,41.5,NA,0
516,11/28/2016,1,8016,0,72,125,6,3,10,27,9,122,41.5,NA,0
517,11/29/2016,1,3780,2,130,102,9,3,10,16,3,132,41.5,NA,0
518,11/30/2016,9,5732,0,135,122,14,1,36,19,0,160,41.5,NA,0
519,12/1/2016,23,3580,4,203,169,24,7,21,25,2,182,42.3,NA,0
520,12/2/2016,2,4014,5,185,180,26,5,52,29,5,207,42.3,NA,0
521,12/3/2016,2,4344,6,107,133,11,2,45,14,2,112,43.4,NA,0
522,12/4/2016,6,4267,4,81,87,11,0,31,3,0,66,43.4,NA,0
523,12/5/2016,14,8074,14,182,202,23,8,6,26,2,169,43.4,NA,0
524,12/6/2016,12,4367,36,222,197,32,8,26,21,8,161,43.6,NA,0
525,12/7/2016,13,5578,2,173,117,22,1,30,13,2,151,44,NA,0
526,12/8/2016,42,4017,1,207,243,19,4,20,41,4,191,44.2,NA,0
527,12/9/2016,16,4351,1,177,214,18,1,50,39,5,206,44.4,NA,0
528,12/10/2016,0,3781,0,200,295,24,5,28,93,6,292,44.4,NA,0
529,12/11/2016,1,3349,0,221,313,23,2,32,56,7,337,44.5,NA,0
530,12/12/2016,3,4251,4,364,456,49,5,44,77,9,393,44.5,NA,0
531,12/13/2016,0,3400,1,647,721,83,8,78,137,8,608,44.5,NA,0
532,12/14/2016,0,6969,4,328,439,51,3,172,70,10,433,44.7,NA,0
533,12/15/2016,0,3616,1,279,460,40,1,84,94,13,361,43.3,NA,0
534,12/16/2016,2,3642,6,407,654,91,7,43,142,82,687,43.3,NA,0
535,12/17/2016,0,3104,6,228,552,32,7,65,101,47,396,43.3,NA,0
536,12/18/2016,0,3987,1,199,311,20,8,42,72,21,240,43.3,NA,0
537,12/19/2016,0,7934,2,261,426,31,4,33,56,13,424,43,NA,0
538,12/20/2016,1,3253,1,260,483,33,1,33,70,20,474,42.9,NA,0
539,12/21/2016,0,7509,2,249,399,39,1,50,53,18,399,43.5,NA,0
540,12/22/2016,2,4715,1,236,333,24,2,30,55,9,309,43.5,NA,0
541,12/23/2016,3,3301,4,229,233,25,4,46,39,7,252,43.5,NA,0
542,12/24/2016,0,2802,1,150,202,21,13,41,29,12,202,43.5,NA,0
543,12/25/2016,0,2726,1,94,67,12,2,42,3,0,107,43.5,NA,0
544,12/26/2016,4,5721,2,85,99,9,4,26,14,6,103,43.5,NA,0
545,12/27/2016,15,3352,0,127,189,27,2,23,29,5,173,44,NA,0
546,12/28/2016,2,6645,0,161,302,25,7,35,28,63,304,44,NA,0
547,12/29/2016,12,3357,1,361,529,64,32,33,87,42,755,44,NA,0
548,12/30/2016,0,3472,2,738,758,126,96,51,142,38,1255,43.9,NA,0
549,12/31/2016,0,3091,1,454,430,95,71,65,84,20,687,43.9,NA,0
550,1/1/2017,0,2838,0,235,330,32,18,44,63,15,448,43.9,NA,0
551,1/2/2017,0,4595,1,206,276,34,9,28,40,9,367,43.9,NA,0
552,1/3/2017,0,3277,2,212,276,50,8,26,53,14,369,43.8,NA,0
553,1/4/2017,0,3790,1,335,396,40,14,39,55,12,386,43.5,NA,0
554,1/5/2017,0,3812,0,220,314,40,9,74,71,13,424,43.5,NA,0
555,1/6/2017,0,3642,0,295,377,54,10,30,73,7,428,43.5,NA,0
556,1/7/2017,0,3107,1,277,267,81,2,42,55,7,335,43.5,NA,0
557,1/8/2017,0,2678,0,164,266,44,11,13,62,16,308,43.5,NA,0
558,1/9/2017,0,3157,0,209,300,25,8,33,47,13,322,43.5,NA,0
559,1/10/2017,9,3527,2,237,352,45,3,43,48,5,363,42.8,NA,0
560,1/11/2017,7,5207,0,431,589,77,16,50,113,10,547,42.7,NA,0
561,1/12/2017,6,3498,0,349,484,63,4,57,101,5,506,42.7,NA,0
562,1/13/2017,2,3520,0,270,451,36,9,48,67,23,467,42.7,NA,0
563,1/14/2017,0,4951,0,305,424,36,6,41,50,25,404,42.7,NA,0
564,1/15/2017,0,3462,0,277,335,73,10,48,30,36,405,42.7,NA,0
565,1/16/2017,1,4442,3,212,395,30,8,57,47,17,330,42.7,NA,0
566,1/17/2017,1,3135,1,343,349,44,14,45,47,12,414,42.4,NA,0
567,1/18/2017,0,5866,2,355,460,48,5,70,70,12,381,41,NA,0
568,1/19/2017,2,4206,1,303,332,37,7,56,45,21,340,41.3,NA,0
569,1/20/2017,0,3632,0,265,315,35,8,58,38,8,324,41.8,NA,0
570,1/21/2017,0,2940,0,155,147,19,3,69,19,4,181,41.8,NA,0
571,1/22/2017,0,2743,1,164,188,24,3,41,42,3,262,41.8,NA,0
572,1/23/2017,0,5426,2,232,375,23,5,37,62,12,321,41.8,NA,0
573,1/24/2017,5,4267,3,183,309,29,8,70,49,7,293,41.8,NA,0
574,1/25/2017,1,5716,0,185,189,20,4,37,24,2,187,42.1,NA,0
575,1/26/2017,2,3730,2,203,168,40,14,41,31,0,261,42,NA,0
576,1/27/2017,2,3044,2,362,382,42,23,26,53,29,339,42,NA,0
577,1/28/2017,0,2792,0,255,308,15,8,36,19,15,231,42,NA,0
578,1/29/2017,0,2803,0,141,211,15,3,48,15,9,141,42,NA,0
579,1/30/2017,0,5339,2,165,167,12,7,35,15,2,144,42,NA,0
580,1/31/2017,12,3503,4,166,240,9,10,28,22,9,180,42,NA,0
581,2/1/2017,21,3474,1,204,235,17,4,41,28,12,222,41.9,NA,0
582,2/2/2017,16,3088,3,239,286,25,8,51,47,4,295,42,NA,0
583,2/3/2017,13,3250,0,195,340,18,8,47,101,10,332,42,NA,0
584,2/4/2017,0,2811,0,140,157,15,3,33,21,3,148,42,NA,0
585,2/5/2017,1,2398,0,160,281,18,0,18,52,8,203,42,NA,0
586,2/6/2017,8,3767,3,252,294,48,5,22,65,0,286,42,NA,0
587,2/7/2017,23,3043,1,227,278,28,6,38,46,1,259,42.4,NA,0
588,2/8/2017,6,6640,1,205,237,27,4,43,32,1,250,42.4,NA,0
589,2/9/2017,10,3130,3,215,281,22,7,26,53,5,266,42.4,NA,0
590,2/10/2017,8,3671,1,409,427,51,9,25,59,2,318,42.4,NA,0
591,2/11/2017,0,2912,2,292,301,33,8,86,43,3,225,42.4,NA,0
592,2/12/2017,0,2506,2,203,168,11,0,64,22,1,175,42.4,NA,0
593,2/13/2017,7,3574,0,285,381,26,2,60,34,5,218,42.4,NA,0
594,2/14/2017,4,3208,3,745,1309,70,39,57,143,49,776,42.4,NA,0
595,2/15/2017,1,5583,3,870,1350,112,25,99,156,52,870,42.4,NA,0
596,2/16/2017,14,3867,1,730,947,100,25,85,97,22,620,42.3,NA,0
597,2/17/2017,12,3212,0,423,607,83,9,98,112,18,503,42.3,NA,0
598,2/18/2017,0,2710,1,218,323,29,0,56,40,5,292,42.3,NA,0
599,2/19/2017,0,2838,4,206,337,16,2,43,41,5,235,42.3,NA,0
600,2/20/2017,5,3114,0,361,488,33,3,41,65,15,338,42.3,NA,0
601,2/21/2017,8,3183,0,361,433,63,3,54,83,6,388,42.3,NA,0
602,2/22/2017,38,4370,0,213,321,35,2,34,57,1,237,42,NA,0
603,2/23/2017,0,3483,0,161,249,20,5,35,32,1,160,42,NA,0
604,2/24/2017,0,3094,1,274,383,46,9,33,56,4,239,41.9,NA,0
605,2/25/2017,0,2915,0,133,203,25,6,40,23,3,171,41.9,NA,0
606,2/26/2017,0,2804,0,132,166,17,6,18,13,1,126,42.3,NA,0
607,2/27/2017,7,3700,2,201,318,31,3,17,50,2,266,42.3,NA,0
608,2/28/2017,0,3558,3,240,323,33,2,23,48,11,246,42.3,NA,0
609,3/1/2017,0,4367,1,158,234,40,10,34,58,2,274,42.1,NA,0
610,3/2/2017,0,3536,3,721,1047,84,4,16,122,9,586,42.1,NA,0
611,3/3/2017,0,3660,3,745,949,106,9,57,118,11,582,42.1,NA,0
612,3/4/2017,0,3312,2,394,545,63,7,61,64,10,356,42.1,NA,0
613,3/5/2017,0,3466,0,391,407,60,2,32,41,7,322,42.1,NA,0
614,3/6/2017,0,3602,1,330,378,45,0,44,62,6,306,42.2,NA,0
615,3/7/2017,0,4464,0,327,345,41,6,42,35,3,279,42.6,NA,0
616,3/8/2017,0,3914,1,317,340,36,6,48,41,0,283,42.6,NA,0
617,3/9/2017,11,3707,0,289,408,43,2,47,60,0,316,42.6,NA,0
618,3/10/2017,4,3227,0,219,324,37,4,36,53,2,280,42.6,NA,0
619,3/11/2017,0,3071,2,139,167,27,3,30,16,5,157,42.6,NA,0
620,3/12/2017,0,3214,3,144,125,20,0,21,15,0,156,42.6,NA,0
621,3/13/2017,10,3527,3,184,178,17,1,11,26,2,231,42.6,NA,0
622,3/14/2017,21,3697,0,188,178,22,7,36,18,3,161,42.6,NA,0
623,3/15/2017,16,3352,0,232,241,41,4,15,25,5,316,42.6,NA,0
624,3/16/2017,12,3515,0,256,317,46,3,29,55,2,320,42.7,NA,0
625,3/17/2017,8,3319,0,174,222,21,8,13,48,1,226,42.7,NA,0
626,3/18/2017,0,2970,0,100,112,9,4,25,15,0,124,42.7,NA,0
627,3/19/2017,0,3105,0,124,127,17,10,18,37,0,168,42.7,NA,0
628,3/20/2017,0,3327,2,376,374,74,1,11,75,3,417,43.2,NA,0
629,3/21/2017,13,3417,2,408,406,70,1,43,78,6,376,43.2,NA,0
630,3/22/2017,17,3790,0,337,351,47,1,50,57,3,283,42.3,NA,0
631,3/23/2017,18,4039,3,234,308,44,4,56,57,7,278,42.3,NA,0
632,3/24/2017,15,3845,4,197,244,27,3,43,45,8,229,42.3,NA,0
633,3/25/2017,0,3377,1,113,160,16,5,35,23,0,173,42.3,NA,0
634,3/26/2017,0,3220,1,84,129,10,5,16,15,0,142,42.3,NA,0
635,3/27/2017,0,3705,0,270,378,26,1,7,43,4,254,42.3,NA,0
636,3/28/2017,13,4092,3,447,439,81,14,46,43,13,363,42.3,NA,0
637,3/29/2017,2,4115,2,339,337,48,9,57,32,8,321,42.2,NA,0
638,3/30/2017,0,3833,1,325,371,55,6,34,28,9,278,41.9,NA,0
639,3/31/2017,3,4103,0,444,553,54,7,50,67,8,362,41.9,NA,0
640,4/1/2017,0,3841,2,238,278,38,3,80,37,5,198,41.9,NA,0
641,4/2/2017,0,3728,3,213,252,51,0,33,36,3,210,41.9,NA,0
642,4/3/2017,2,4101,1,264,313,36,3,23,53,4,272,41.9,NA,0
643,4/4/2017,0,3911,1,322,340,52,5,29,58,2,320,41.9,NA,0
644,4/5/2017,0,3868,0,259,308,31,4,54,56,6,316,42.7,NA,0
645,4/6/2017,1,3553,2,359,440,38,15,42,64,19,409,42.7,NA,0
646,4/7/2017,1,3729,1,628,501,147,84,72,105,28,1169,42.7,NA,0
647,4/8/2017,0,4281,0,421,359,63,25,67,115,11,907,42.7,NA,0
648,4/9/2017,0,3298,1,233,267,55,20,33,60,7,474,42.7,NA,0
649,4/10/2017,0,3876,0,328,438,53,28,23,79,24,601,42.7,NA,0
650,4/11/2017,0,4303,0,345,430,58,19,40,91,25,631,42.7,NA,0
651,4/12/2017,0,4069,0,474,642,81,16,41,146,14,665,42.6,NA,0
652,4/13/2017,29,4284,1,421,438,79,12,72,76,6,478,42.6,NA,0
653,4/14/2017,32,4081,0,246,260,24,14,61,39,7,277,42.6,NA,0
654,4/15/2017,0,3847,0,151,149,32,15,35,19,3,196,42.6,NA,0
655,4/16/2017,0,3750,0,155,171,19,8,21,23,1,141,42.6,NA,0
656,4/17/2017,11,5099,0,210,174,31,22,31,9,7,176,42.3,NA,0
657,4/18/2017,15,4047,1,202,162,22,20,41,22,4,173,42.8,NA,0
658,4/19/2017,19,4163,0,264,231,34,19,34,31,6,227,43,NA,0
659,4/20/2017,12,4705,0,297,291,36,12,45,36,3,301,43,NA,0
660,4/21/2017,43,3936,5,260,371,35,19,49,63,6,352,43,NA,0
661,4/22/2017,0,4368,1,145,211,19,14,30,41,2,213,43,NA,0
662,4/23/2017,0,3696,0,60,85,8,0,22,9,0,92,43,NA,0
663,4/24/2017,20,3994,0,190,215,25,1,7,23,3,202,43,NA,0
664,4/25/2017,3,4072,3,203,239,13,2,50,34,0,215,43,NA,0
665,4/26/2017,0,3949,1,178,176,24,9,29,11,11,174,42.9,NA,0
666,4/27/2017,0,3685,0,172,156,27,8,20,23,6,228,42.8,NA,0
667,4/28/2017,54,4081,1,142,145,22,7,18,18,13,242,42.8,NA,0
668,4/29/2017,0,3773,0,124,109,25,6,20,12,9,143,42.8,NA,0
669,4/30/2017,0,3064,3,66,68,17,2,18,20,0,123,42.8,NA,0
670,5/1/2017,10,3430,1,168,124,32,6,12,20,1,188,42.8,NA,0
671,5/2/2017,3,3562,6,212,262,25,2,24,35,4,212,42.8,NA,0
672,5/3/2017,5,3817,3,223,349,21,5,37,49,4,218,43.5,NA,0
673,5/4/2017,5,3606,1,187,190,34,14,44,42,3,185,43.5,NA,0
674,5/5/2017,4,2311,4,110,132,8,15,32,22,4,142,43.5,NA,0
675,5/6/2017,0,1594,5,129,191,16,11,15,17,6,114,43.5,NA,0
676,5/7/2017,0,1726,1,123,130,13,2,19,9,4,78,43.5,NA,0
677,5/8/2017,0,1621,13,355,463,18,33,17,26,69,319,43.5,NA,0
678,5/9/2017,0,2020,4,431,641,34,33,50,66,67,391,43.5,NA,0
679,5/10/2017,12,2440,3,792,1052,94,12,43,128,31,609,41.8,NA,0
680,5/11/2017,2,1936,4,634,758,83,8,124,102,15,514,41.8,NA,0
681,5/12/2017,21,2135,5,574,742,63,22,89,133,20,478,41.8,NA,0
682,5/13/2017,0,1290,3,265,305,36,3,71,42,5,260,41.8,NA,0
683,5/14/2017,0,979,4,213,355,9,4,24,35,1,319,41.3,NA,0
684,5/15/2017,16,1285,4,267,435,40,12,21,44,8,386,41.3,NA,0
685,5/16/2017,26,1576,0,595,833,69,21,25,115,17,512,40.9,NA,0
686,5/17/2017,27,1741,59,550,935,55,12,74,74,19,423,40.3,NA,0
687,5/18/2017,24,1732,4,434,702,76,4,62,55,16,398,40.3,NA,0
688,5/19/2017,29,1404,7,358,586,67,1,53,78,17,372,40.3,NA,0
689,5/20/2017,1,1177,1,308,399,57,1,47,44,6,265,39.6,NA,0
690,5/21/2017,2,823,6,203,250,37,18,16,21,4,204,39.6,NA,0
691,5/22/2017,5,1421,6,284,395,44,4,15,41,4,269,39.6,NA,0
692,5/23/2017,9,1787,0,303,395,28,14,31,57,16,272,39.6,NA,0
693,5/24/2017,19,1424,4,236,296,30,9,32,34,10,214,40.4,NA,0
694,5/25/2017,9,1742,5,235,293,22,2,29,20,3,174,40.4,NA,0
695,5/26/2017,7,1527,1,303,407,24,2,22,31,2,225,40.4,NA,0
696,5/27/2017,0,1188,0,320,481,11,0,20,26,10,174,40.4,NA,0
697,5/28/2017,1,829,1,207,320,21,0,29,30,2,176,40.4,NA,0
698,5/29/2017,1,1018,1,213,273,25,2,28,25,0,146,40.4,NA,0
699,5/30/2017,2,1260,0,264,357,34,3,24,39,1,210,40.4,NA,0
700,5/31/2017,0,1741,0,257,322,31,4,36,38,9,218,40.2,NA,0
